{"train/avg_reward": -0.15079688787696277, "train/num_episodes": 499, "_timestamp": 1726018598.8490903, "_runtime": 1869.509886264801, "_step": 30953, "train/q_loss": 2.385882263071835, "train/pi_loss": 0.748370960354805, "_wandb": {"runtime": 1869}}